business_name,name,role
ZENDESK INC,CT CORPORATION SYSTEM INC,AGENT
ZENDESK INC,JOHN GESCHKE,SECRETARY
ZENDESK INC,MIKKEL SVANE,DIRECTOR
ZENDESK INC,CARL BASS,DIRECTOR
ZENDESK INC,PETER FENTON,DIRECTOR
ZENDESK INC,CARYN MAROONEY,DIRECTOR
ZENDESK INC,MICHELLE WILSON,DIRECTOR
ZENDESK INC,MIKKEL SVANE,CEO
ZENDESK INC,ELENA GOMEZ,CFO
ZENDESK INC,DANA STALDER,DIRECTOR
ZENDESK INC,MIKKEL SVANE,CEO
ZENDESK INC,JOHN GESCHKE,SECRETARY
ZENDESK INC,CT CORPORATION SYSTEM INC,AGENT
ZENDESK INC,ELENA GOMEZ,CFO
ZENDESK INCORPORATED,MIKKEL SVANE,CHAIRMAN
ZENDESK INCORPORATED,ALAN BLACK,VICE PRESIDENT
ZENDESK INCORPORATED,ALAN BLACK,CHAIRMAN
ZENDESK INC,MIKKEL SVANE,PRESIDENT
ZENDESK INC,JOHN GESCHKE,SVP
ZENDESK INC,CT CORPORATION SYSTEM INC,AGENT
ZENDESK INC,CT CORPORATION SYSTEM INC,AGENT
ZENDESK INC,JOHN GESCHKE,SVP
ZENDESK INC,TOM KEISER,CIO
ZENDESK INC,ADRIAN MCDERMOTT,SVP
ZENDESK INC,MIKKEL SVANE,CEO
ZENDESK INC,ELENA GOMEZ,CFO
ZENDESK INC,CT CORPORATION SYSTEM INC,AGENT
ZENDESK INC,CT CORPORATION SYSTEM INC,AGENT
ZENDESK INC,MIKKEL SVANC,PRESIDENT
ZENDESK INC,SVANE MIKKEL,CEO
ZENDESK INC,SVANE MIKKEL,DIRECTOR
ZENDESK INC,GESCHKE JOHN,SVP
ZENDESK INC,MCDERMOTT ADRIAN,SVP
ZENDESK INC,COX BRYAN,OFFICER
ZENDESK INC,KEISER TOM,SVP
ZENDESK INC,GOMEZ ELENA,CFO
ZENDESK INC,HASANI CARAWAY,SECRETARY
ZENDESK INC,NICHOLE KRAUSE,TREASURER
ZENDESK INC,MIKKEL SVANE,PRESIDENT
ZENDESK INC,MIKKEL SVANE,DIRECTOR
ZENDESK INC,CT CORPORATION SYSTEM INC,AGENT
ZENDESK INC,RLF SERVICE CORP,AGENT
ZENDESK INC,THE CORPORATION COMPANY INC,AGENT
ZENDESK INC,SVANE MIKKEL,CEO
ZENDESK INC,SVANE MIKKEL,PRESIDENT
ZENDESK INC,SVANE MIKKEL,DIRECTOR
ZENDESK INC,GESCHKE JOHN,SVP
ZENDESK INC,GESCHKE JOHN,SECRETARY
ZENDESK INC,GESCHKE JOHN,DIRECTOR
ZENDESK INC,GOMEZ ELENA,CFO
ZENDESK INC,GOMEZ ELENA,DIRECTOR
ZENDESK INC,CT CORPORATION SYSTEM INC,AGENT
ZENDESK INC,MIKKEL SVANE,PRESIDENT
ZENDESK INC,MIKKEL SVANE,OFFICER
ZENDESK INC,CT CORPORATION SYSTEM INC,AGENT
ZENDESK INC,MIKKEL ASGER SVANE,PRESIDENT
ZENDESK INC,MIKKEL ASGER SVANE,TREASURER
ZENDESK INC,MIKKEL ASGER SVANE,SECRETARY
ZENDESK INC,MIKKEL ASGER SVANE,DIRECTOR
ZENDESK INC,ALAN BLACK,CFO
ZENDESK INC,MIKKEL SVANE,CEO
ZENDESK INC,MIKKEL SVANE,SECRETARY
ZENDESK INC,CT CORPORATION SYSTEM INC,AGENT
ZENDESK INC,CT CORPORATION SYSTEM INC,AGENT
ZENDESK INC,CT CORPORATION SYSTEM INC,AGENT
ZENDESK INC,CT CORPORATION SYSTEM INC,AGENT
ZENDESK INC,CT CORPORATION SYSTEM INC,AGENT
ZENDESK INC,MIKKEL SVANE,PRESIDENT
ZENDESK INCORPORATED,CT CORPORATION SYSTEM INC,AGENT
ZENDESK INCORPORATED,GESCHKE JOHN,GOVERNOR
ZENDESK INCORPORATED,CARAWAY HASANI,OFFICER
ZENDESK INCORPORATED,CARAWAY HASANI,GOVERNOR
ZENDESK INC,MIKKEL SVANE,CEO
ZENDESK INC,JOHN GESCHKE,VICE PRESIDENT
ZENDESK INC,ELENA GOMEZ,CFO
ZENDESK INC,CT CORPORATION SYSTEM INC,AGENT
ZENDESK INC,MIKKEL SVANE,CEO
ZENDESK INC,CT CORPORATION SYSTEM INC,AGENT
ZENDESK INC,CT CORPORATION SYSTEM INC,AGENT
ZENDESK INC,JOHN GESCHKE,GOVERNOR
ZENDESK INC,ELENA GOMEZ,GOVERNOR
ZENDESK INC,MIKKEL SVANE,GOVERNOR
ZENDESK INC,CT CORPORATION SYSTEM INC,AGENT
ZENDESK INC,DANA STALDER,GOVERNOR
ZENDESK INC,CARL BASS,GOVERNOR
ZENDESK INC,MICHELLE WILSON,GOVERNOR
ZENDESK INC,ELIZABETH NELSON,GOVERNOR
ZENDESK INC,HILARIE KOPLOW-MCADAMS,GOVERNOR
ZENDESK INC,CARYN MAROONEY,GOVERNOR
ZENDESK INC,MICHAEL FRANDSEN,GOVERNOR
ZENDESK INC,CT CORPORATION SYSTEM INC,AGENT
ZENDESK INC,MIKKEL SVANE,CHAIRMAN
ZENDESK INC,MIKKEL SVANE,PRESIDENT
ZENDESK INC,MICHELLE WILSON,DIRECTOR
ZENDESK INC,ELENA GOMEZ,VICE PRESIDENT
ZENDESK INC,ELENA GOMEZ,PRESIDENT
ZENDESK INC,HASANI CARAWAY,SECRETARY
ZENDESK INC,CT CORPORATION SYSTEM INC,AGENT
ZENDESK INC,CT CORPORATION SYSTEM INC,AGENT
ZENDESK INC,MIKKEL SVANE,PRESIDENT
ZENDESK INC,JOHN GESCHKE,SECRETARY
UNDER COVER ROOFING LABOR INC,TONYA PRIVE,DIRECTOR
UNDER COVER ROOFING LABOR INC,BRIECE FAMILY TRUST,SHAREHOLDER
UNDER COVER ROOFING LABOR INC,TONYA PRIVE,AGENT
TESLA INC,CT CORPORATION SYSTEM INC,AGENT
TESLA INC,ELON MUSK,CEO
TESLA INC,JONATHAN CHANG,ASSISTANT SECRETARY
TESLA INC,DEEPAK AHUJA,CFO
TESLA INC,RON KLEIN,TREASURER
TESLA INC,CT CORPORATION SYSTEM INC,AGENT
TESLA INC,MARON TODD,GOVERNOR
TESLA INC,CHANG JONATHAN,OFFICER
TESLA INC,MUSK ELON,GOVERNOR
TESLA INC,CHANG JONATHAN,GOVERNOR
TESLA INC,BUSS BRAD,GOVERNOR
TESLA INC,DENHOLM ROBYN,GOVERNOR
TESLA INC,EHRENPREIS IRA,GOVERNOR
TESLA INC,GRACIAS ANTONIO,GOVERNOR
TESLA INC,JURVETSON STEPHEN,GOVERNOR
TESLA INC,MURDOCH JAMES,GOVERNOR
TESLA INC,MUSK KIMBAL,GOVERNOR
TESLA INC,REPO SUSAN,GOVERNOR
TESLA INC,RICE LINDA JOHNSON,GOVERNOR
TESLA INC,CT CORPORATION SYSTEM INC,AGENT
TESLA INC,ELON MUSK,DIRECTOR
TESLA INC,YARON KLEIN,TREASURER
TESLA INC,JONATHAN CHANG,SECRETARY
TESLA INC,CT CORPORATION SYSTEM INC,AGENT
TESLA MOTORS INC,CT CORPORATION SYSTEM INC,AGENT
TESLA MOTORS INC,TODD MARON,SECRETARY
TESLA MOTORS INC,LINDA JOHNSON RICE,DIRECTOR
TESLA MOTORS INC,JAMES MURDOCH,DIRECTOR
TESLA MOTORS INC,IRA EHRENPREIS,DIRECTOR
TESLA MOTORS INC,KIMBAL MUSK,DIRECTOR
TESLA MOTORS INC,ELON MUSK,DIRECTOR
TESLA MOTORS INC,STEPHEN JURVETSON,DIRECTOR
TESLA MOTORS INC,ANTONIO GRACIAS,DIRECTOR
TESLA MOTORS INC,ROBYN DENHOLM,DIRECTOR
TESLA MOTORS INC,BRAD BUSS,DIRECTOR
TESLA MOTORS INC,RON KLEIN,TREASURER
TESLA MOTORS INC,PHILIP ROTHENBERG,VICE PRESIDENT
TESLA MOTORS INC,JONATHAN CHANG,VICE PRESIDENT
TESLA INC,CT CORPORATION SYSTEM INC,AGENT
TESLA INC,ELON MUSK,PRESIDENT
TESLA INC,TODD MARON,SECRETARY
TESLA INC,CT CORPORATION SYSTEM INC,AGENT
TESLA INC,ELON MUSK,DIRECTOR
TESLA INC,TODD MARON,SECRETARY
TESLA INC,ROBYN DENHOLM,DIRECTOR
TESLA INC,ANTONIO GRACIAS,DIRECTOR
TESLA INC,BRAD BUSS,DIRECTOR
TESLA INC,KIMBAL MUSK,DIRECTOR
TESLA INC,IRA EHRENPREIS,DIRECTOR
TESLA INC,ELON MUSK,CEO
TESLA INC,JONATHAN CHANG,ASSISTANT SECRETARY
TESLA INC,STEPHEN JURVETSON,DIRECTOR
TESLA INC,SUSAN REPO,TREASURER
TESLA INC,JAMES MURDOCH,DIRECTOR
TESLA INC,LINDA JOHNSON RICE,DIRECTOR
TESLA INC,RON KLEIN,TREASURER
TESLA INC,DEEPAK AHUJA,CFO
TESLA INC,ELON MUSK,GOVERNOR
TESLA INC,CT CORPORATION SYSTEM INC,AGENT
TESLA INC,JONATHAN CHANG,GOVERNOR
TESLA INC,CT CORPORATION SYSTEM INC,AGENT
TESLA INC,JONATHAN CHANG,SECRETARY
TESLA INC,CT CORPORATION SYSTEM INC,AGENT
TESLA INC,THE CORPORATION COMPANY INC,AGENT
TESLA INC,CT CORPORATION SYSTEM INC,AGENT
TESLA INC,BRAD BUSS,DIRECTOR
TESLA INC,ROBYN DENHOLM,DIRECTOR
TESLA INC,IRA EHRENPREIS,DIRECTOR
TESLA INC,ANTONIO GRACIAS,DIRECTOR
TESLA INC,STEPHEN JURVETSON,DIRECTOR
TESLA INC,ELON MUSK,DIRECTOR
TESLA INC,KIMBAL MUSK,DIRECTOR
TESLA INC,JAMES MURDOCH,DIRECTOR
TESLA INC,LINDA JOHNSON RICE,DIRECTOR
TESLA INC,JONATHAN CHANG,SECRETARY
TESLA INC,YARON KLEIN,TREASURER
TESLA INC,LARRY ELLISON,DIRECTOR
TESLA INC,KATHLEEN WILSON-THOMPSON,DIRECTOR
TESLA INC,CT CORPORATION SYSTEM INC,AGENT
TESLA INC,CT CORPORATION SYSTEM INC,AGENT
TESLA INC,JONATHAN CHANG,VICE PRESIDENT
TESLA INC,TODD MARON,SECRETARY
TESLA INC,ELON MUSK,CEO
TESLA INC,SUSAN REPO,TREASURER
TESLA INC,CT CORPORATION SYSTEM INC,AGENT
TESLA INC,ELON MUSK,CEO
TESLA INC,TODD MARON,SECRETARY
TESLA INC,DEEPAK AHUJA,CFO
TESLA INC,RON KLEIN,TREASURER
TESLA INC,PHIL ROTHENBERG,ASSISTANT SECRETARY
TESLA INC,JONATHAN CHANG,ASSISTANT SECRETARY
TESLA INC,CT CORPORATION SYSTEM INC,AGENT
TESLA INC,CT CORPORATION SYSTEM INC,AGENT
TESLA INC,ELON MUSK,CEO
TESLA INC,TODD MARON,SECRETARY
TESLA INC,JASON WHEELER,CFO
TESLA INC,IRA EHRENPREIS,DIRECTOR
TESLA INC,KIMBAL MUSK,DIRECTOR
TESLA INC,ELON MUSK,DIRECTOR
TESLA INC,STEPHEN JURVETSON,DIRECTOR
TESLA INC,ANTONIO GRACIAS,DIRECTOR
TESLA INC,ROBYN DENHOLM,DIRECTOR
TESLA INC,JOHN MCNEILL,PRESIDENT
TESLA INC,BRAD BUSS,DIRECTOR
TESLA INC,JONATHAN CHANG,ASSISTANT SECRETARY
TESLA INC,CT CORPORATION SYSTEM INC,AGENT
TESLA INC,SECRETARY OF STATE,AGENT
TESLA INC,THE CORPORATION COMPANY INC,AGENT
TESLA INC,MUSK ELON,CEO
TESLA INC,MUSK ELON,DIRECTOR
TESLA INC,MARON TODD,SECRETARY
TESLA INC,REPO SUSAN,TREASURER
TESLA INC,MUSK KIMBAL,DIRECTOR
TESLA INC,JURVETSON STEPHEN,DIRECTOR
TESLA INC,GRACIAS ANTONIO,DIRECTOR
TESLA INC,EHRENPREIS IRA,DIRECTOR
TESLA INC,DENHOLM ROBYN,DIRECTOR
TESLA INC,BUSS BRAD,DIRECTOR
TESLA INC,RICE LINDA JOHNSON,DIRECTOR
TESLA INC,CT CORPORATION SYSTEM INC,AGENT
TESLA INC,JONATHAN CHANG,INCORPORATOR
TESLA INC,THE CORPORATION COMPANY,AGENT
TESLA INC,TODD MARON,SECRETARY
TESLA INC,SUSAN REPO,TREASURER
TESLA INC,TODD MARON,SECRETARY
TESLA INC,CT CORPORATION SYSTEM INC,AGENT
TESLA INC,JONATHAN CHANG,VICE PRESIDENT
TESLA INC,RON KLEIN,TREASURER
TESLA INC,JONATHAN CHANG,ASSISTANT SECRETARY
TESLA INC,TODD MARON,SECRETARY
TESLA INC,CT CORPORATION SYSTEM INC,AGENT
TESLA INC,BRAD BUSS,DIRECTOR
TESLA INC,ROBYN DENHOLM,DIRECTOR
TESLA INC,SUSAN REPO,TREASURER
TESLA INC,THE CORPORATION TRUST INC,AGENT
TESLA INC,BUSINESS FILINGS INC,AGENT
SPACE EXPLORATION TECHNOLOGIES CORP,CORPORATION SERVICE COMPANY,AGENT
SPACE EXPLORATION TECHNOLOGIES CORP,GWYNNE SHOTWELL,PRESIDENT
SPACE EXPLORATION TECHNOLOGIES CORP,BRET JOHNSEN,CFO
SPACE EXPLORATION TECHNOLOGIES CORP,KIMBAL MUSK,SECRETARY
SPACE EXPLORATION TECHNOLOGIES CORP,ELON MUSK,CEO
SPACE EXPLORATION TECHNOLOGIES CORP,ELON MUSK,CHAIRMAN
SPACE EXPLORATION TECHNOLOGIES CORP,CORPORATION SERVICE COMPANY,AGENT
SPACE EXPLORATION TECHNOLOGIES CORP,CORPORATION SERVICE COMPANY,AGENT
SPACE EXPLORATION TECHNOLOGIES CORP,CORPORATION SERVICE COMPANY INC,AGENT
SPACE EXPLORATION TECHNOLOGIES CORP,SHOTWELL GWYNNE EILEEN,OFFICER
SPACE EXPLORATION TECHNOLOGIES CORP,SHOTWELL GWYNNE EILEEN,GOVERNOR
SPACE EXPLORATION TECHNOLOGIES CORP,CORPORATION SERVICE COMPANY,AGENT
SPACE EXPLORATION TECHNOLOGIES CORP,MUSK KIMBAL,GOVERNOR
SPACE EXPLORATION TECHNOLOGIES CORP,HUGHES TIM ROBERT,GOVERNOR
SPACE EXPLORATION TECHNOLOGIES CORP,MUSK ELON,GOVERNOR
SPACE EXPLORATION TECHNOLOGIES CORP,CORPORATION SERVICE COMPANY,AGENT
SPACE EXPLORATION TECHNOLOGIES CORP,MUSK ELON,CEO
SPACE EXPLORATION TECHNOLOGIES CORP,MUSK ELON,CHAIRMAN
SPACE EXPLORATION TECHNOLOGIES CORP,MUSK ELON,DIRECTOR
SPACE EXPLORATION TECHNOLOGIES CORP,SHOTWELL GWYNNE,PRESIDENT
SPACE EXPLORATION TECHNOLOGIES CORP,SHOTWELL GWYNNE,DIRECTOR
SPACE EXPLORATION TECHNOLOGIES CORP,MUSK KIMBAL,SECRETARY
SPACE EXPLORATION TECHNOLOGIES CORP,MUSK KIMBAL,DIRECTOR
SPACE EXPLORATION TECHNOLOGIES CORP,JOHNSEN BRET,CFO
SPACE EXPLORATION TECHNOLOGIES CORP,HUGHES TIM,ASSISTANT SECRETARY
SPACE EXPLORATION TECHNOLOGIES CORP,GRACIAS ANTONIO,DIRECTOR
SPACE EXPLORATION TECHNOLOGIES CORP,HARRISON DONALD,DIRECTOR
SPACE EXPLORATION TECHNOLOGIES CORP,NOSEK LUKE,DIRECTOR
SPACE EXPLORATION TECHNOLOGIES CORP,JURVETSON STEVE,DIRECTOR
SPACE EXPLORATION TECHNOLOGIES CORP,CORPORATION SERVICE COMPANY,AGENT
SPACE EXPLORATION TECHNOLOGIES CORP,CORPORATION SERVICE COMPANY,AGENT
SPACE EXPLORATION TECHNOLOGIES CORP,ELON MUSK,GOVERNOR
SPACE EXPLORATION TECHNOLOGIES CORP,GWYNNE SHOTWELL,GOVERNOR
SPACE EXPLORATION TECHNOLOGIES CORP,BRET JOHNSEN,GOVERNOR
SPACE EXPLORATION TECHNOLOGIES CORP,KIMBAL MUSK,GOVERNOR
SPACE EXPLORATION TECHNOLOGIES CORP,STEVE JURVETSON,GOVERNOR
SPACE EXPLORATION TECHNOLOGIES CORP,ANTONIO GRACIAS,GOVERNOR
SPACE EXPLORATION TECHNOLOGIES CORP,LUKE NOSEK,GOVERNOR
SPACE EXPLORATION TECHNOLOGIES CORP,DONALD HARRISON,GOVERNOR
SPACE EXPLORATION TECHNOLOGIES CORP,TIM HUGHES,GOVERNOR
SPACE EXPLORATION TECHNOLOGIES CORP,CORPORATION SERVICE COMPANY,AGENT
SPACE EXPLORATION TECHNOLOGIES CORP,TIM HUGHES,VICE PRESIDENT
SPACE EXPLORATION TECHNOLOGIES CORP,ELON MUSK,CEO
SPACE EXPLORATION TECHNOLOGIES CORP,GWYNNE SHOTWELL,OFFICER
SPACE EXPLORATION TECHNOLOGIES CORP,KIMBAL MUSK,GOVERNOR
SPACE EXPLORATION TECHNOLOGIES CORP,CORPORATION SERVICE COMPANY,AGENT
SPACE EXPLORATION TECHNOLOGIES CORP,BRET JOHNSEN,GOVERNOR
SPACE EXPLORATION TECHNOLOGIES CORP,BRET JOHNSEN,CHAIRMAN
SPACE EXPLORATION TECHNOLOGIES CORP,DONALD HARRISON,SVP
SPACE EXPLORATION TECHNOLOGIES CORP,ELON MUSK,CHAIRMAN
SPACE EXPLORATION TECHNOLOGIES CORP,GWYNNE SHOTWELL,PRESIDENT
SPACE EXPLORATION TECHNOLOGIES CORP,KIMBAL MUSK,SECRETARY
SPACE EXPLORATION TECHNOLOGIES CORP,DONALD HARRISON,DIRECTOR
SPACE EXPLORATION TECHNOLOGIES CORP,CORPORATION SERVICE COMPANY,AGENT
SPACE EXPLORATION TECHNOLOGIES CORP,ELON MUSK,CHAIRMAN
SPACE EXPLORATION TECHNOLOGIES CORP,GWYNNE SHOTWELL,PRESIDENT
SPACE EXPLORATION TECHNOLOGIES CORP,TIM HUGHES,VICE PRESIDENT
SPACE EXPLORATION TECHNOLOGIES CORP,ANTONIO GRACIAS,DIRECTOR
SPACE EXPLORATION TECHNOLOGIES CORP,STEVE JURVETSON,DIRECTOR
SPACE EXPLORATION TECHNOLOGIES CORP,KIMBAL MUSK,DIRECTOR
SPACE EXPLORATION TECHNOLOGIES CORP,LUKE NOSEK,DIRECTOR
SPACE EXPLORATION TECHNOLOGIES CORP,ELON MUSK,CEO
SPACE EXPLORATION TECHNOLOGIES CORP,BRET JOHNSEN,CFO
SPACE EXPLORATION TECHNOLOGIES CORP,GWYNNE SHOTWELL,DIRECTOR
SPACE EXPLORATION TECHNOLOGIES CORP,DON HARRISON,DIRECTOR
SPACE EXPLORATION TECHNOLOGIES CORP,ELON MUSK,CEO
SPACE EXPLORATION TECHNOLOGIES CORP,GWYNNE SHOTWELL,PRESIDENT
SPACE EXPLORATION TECHNOLOGIES CORP,TIM HUGHES,ASSISTANT SECRETARY
SPACE EXPLORATION TECHNOLOGIES CORP,BRET JOHNSEN,CFO
SPACE EXPLORATION TECHNOLOGIES CORP,CORPORATION SERVICE COMPANY,AGENT
SPACE EXPLORATION TECHNOLOGIES CORP,ANTONIO GRACIAS,GOVERNOR
SPACE EXPLORATION TECHNOLOGIES CORP,BRET JOHNSEN,GOVERNOR
SPACE EXPLORATION TECHNOLOGIES CORP,STEVE JURVETSON,GOVERNOR
SPACE EXPLORATION TECHNOLOGIES CORP,ELON MUSK,GOVERNOR
SPACE EXPLORATION TECHNOLOGIES CORP,KEN VENNER,GOVERNOR
SPACE EXPLORATION TECHNOLOGIES CORP,CORPORATION SERVICE COMPANY,AGENT
SPACE EXPLORATION TECHNOLOGIES CORP,GWYNNE SHOTWELL,PRESIDENT
SPACE EXPLORATION TECHNOLOGIES CORP,KIMBAL MUSK,SECRETARY
"MIDDESK, INC",KYLE MACK,AGENT
SACRED HEART NURSING,HERMINIA G DATINGALING,AGENT
SACRED HEART NURSING,ANDREA G DATINGALING,PRESIDENT
SACRED HEART NURSING,DAYNE D TAYLOR,DIRECTOR
SACRED HEART NURSING,KAITLAN D TAYLOR,DIRECTOR
SACRED HEART NURSING,ANDREA G DATINGALING,DIRECTOR
PREDPOL,CHRISTINE BOTTOMLEY,AGENT
YIK YAK,STEPHEN BROOKS BUFFINGTON,AGENT
YIK YAK,NATIONAL REGISTERED AGENTS INC,AGENT
YIK YAK,BROOKS BUFFINGTON,CFO
YIK YAK,KENT HUSKEY,SECRETARY
YIK YAK,TYLER DROLL,CEO
YIK YAK,NATIONAL REGISTERED AGENTS INC,AGENT
YIK YAK,NATIONAL REGISTERED AGENTS INC,AGENT
DOORDASH,TONY XU,PRESIDENT
DOORDASH,TONY XU,TREASURER
DOORDASH,TONY XU,DIRECTOR
DOORDASH,ALFRED LIN,DIRECTOR
DOORDASH,REGISTERED AGENT SOLUTIONS INC,AGENT
DOORDASH,KEITH YANDELL,SECRETARY
DOORDASH,STANLY TANG,CHAIRMAN
DOORDASH,STANLY TANG,PRESIDENT
DOORDASH,TONY XU,CEO
DOORDASH,ANDY FANG,CTO
DOORDASH,KEITH YANDELL,CHAIRMAN
DOORDASH,REGISTERED AGENT SOLUTIONS INC,AGENT
DOORDASH,STANLY TANG,CHAIRMAN
DOORDASH,TONY XU,CHAIRMAN
DOORDASH,ANDY FANG,CHAIRMAN
DOORDASH,ANDY FANG,TREASURER
DOORDASH,KEITH YANDELL,CHAIRMAN
DOORDASH,REGISTERED AGENT SOLUTIONS INC,AGENT
DOORDASH,TONY XU,DIRECTOR
DOORDASH,STANLEY TANG,DIRECTOR
DOORDASH,ANDY FANG,DIRECTOR
DOORDASH,TONY XU,CEO
DOORDASH,KEITH YANDELL,SECRETARY
DOORDASH,REGISTERED AGENT SOLUTIONS INC,AGENT
DOORDASH,PRABIR ADARKAR,CFO
DOORDASH,INCORP SERVICES INC,AGENT
DOORDASH,REGISTERED AGENT SOLUTIONS INC,AGENT
DOORDASH,KEITH YANDELL,SECRETARY
DOORDASH,REGISTERED AGENT SOLUTIONS INC,AGENT
DOORDASH,KEITH YANDELL,SECRETARY
DOORDASH,REGISTERED AGENT SOLUTIONS INC,AGENT
DOORDASH,KEITH YANDELL,SECRETARY
DOORDASH,REGISTERED AGENT SOLUTIONS INC,AGENT
DOORDASH,REGISTERED AGENT SOLUTIONS INC,AGENT
DOORDASH,REGISTERED AGENT SOLUTIONS INC,AGENT
DOORDASH,TONY XU,PRESIDENT
DOORDASH,STANLEY TANG,OFFICER
DOORDASH,ANDY FANG,OFFICER
DOORDASH,KEITH YANDELL,SECRETARY
DOORDASH,TONY XU,PRESIDENT
DOORDASH,TONY XU,DIRECTOR
DOORDASH,STANLEY TANG,DIRECTOR
DOORDASH,ANDY FANG,DIRECTOR
DOORDASH,KEITH YANDELL,OFFICER
DOORDASH,CHRISTOPHER PAYNE,COO
DOORDASH,KEITH YANDELL,DIRECTOR
DOORDASH,CHRISTOPHER PAYNE,DIRECTOR
DOORDASH,REGISTERED AGENT SOLUTIONS INC,AGENT
DOORDASH,XU TONY,CEO
DOORDASH,XU TONY,DIRECTOR
DOORDASH,FANG ANDY,CTO
DOORDASH,FANG ANDY,DIRECTOR
DOORDASH,YANDELL KEITH,CEO
DOORDASH,YANDELL KEITH,DIRECTOR
DOORDASH,REGISTERED AGENT SOLUTIONS INC,AGENT
DOORDASH,TANG STANLEY,CPO
DOORDASH,TANG STANLEY,DIRECTOR
DOORDASH,REGISTERED AGENT SOLUTIONS INC,AGENT
DOORDASH,REGISTERED AGENT SOLUTIONS INC,AGENT
DOORDASH,REGISTERED AGENT SOLUTIONS INC,AGENT
DOORDASH,REGISTERED AGENT SOLUTIONS INC,AGENT
DOORDASH,TONY XU,CEO
DOORDASH,TONY XU,CFO
DOORDASH,TONY XU,SECRETARY
DOORDASH,REGISTERED AGENT SOLUTIONS INC,AGENT
DOORDASH,XU TONY,GOVERNOR
DOORDASH,YANDELL KEITH,OFFICER
DOORDASH,YANDELL KEITH,GOVERNOR
DOORDASH,REGISTERED AGENT SOLUTIONS INC,AGENT
DOORDASH,REGISTERED AGENT SOLUTIONS INC,AGENT
DOORDASH,REGISTERED AGENT SOLUTIONS INC,AGENT
DOORDASH,TONY XU,PRESIDENT
DOORDASH,REGISTERED AGENT SOLUTIONS INC,AGENT
DOORDASH,KEITH YANDELL,SECRETARY
DOORDASH,NATIONAL REGISTERED AGENTS INC,AGENT
DOORDASH,TONY XU,SECRETARY
DOORDASH,TONY XU,CEO
DOORDASH,ANDY FANG,CTO
DOORDASH,STANLEY TANG,CPO
DOORDASH,REGISTERED AGENT SOLUTIONS INC,AGENT
"CLERI, INC",KYLE MACK,CEO
